codigo_tse;municipio;secoes_total;secoes_totalizadas;secoes_pendentes;secoes_com_arquivo_recebido;secoes_sem_arquivo_recebido;secoes_no_arquivo_de_votos;data_resultado;hora_resultado;votos_total;votos_validos;votos_brancos;votos_nulos
27030;ANADIA;46;35;11;35;11;35;04/10/2026;18:15:56;6950;5891;204;855
27057;ARAPIRACA;446;159;287;159;287;159;04/10/2026;18:34:37;41168;37272;1144;2752
27073;ATALAIA;113;0;113;0;113;0;02/10/2026;18:30:21;0;0;0;0
27090;BARRA DE SANTO ANTÔNIO;41;0;41;0;41;0;02/10/2026;18:30:21;0;0;0;0
27111;BARRA DE SÃO MIGUEL;27;5;22;5;22;5;04/10/2026;17:43:02;1252;1090;35;127
27138;BATALHA;36;0;36;0;36;0;02/10/2026;18:30:22;0;0;0;0
27170;BELO MONTE;16;2;14;2;14;2;04/10/2026;18:29:07;609;564;6;39
27154;BELÉM;20;7;13;7;13;7;04/10/2026;17:58:34;1353;1182;20;151
27197;BOCA DA MATA;59;9;50;6;53;9;04/10/2026;18:34:37;2305;1994;81;230
27219;BRANQUINHA;26;0;26;0;26;0;02/10/2026;18:30:21;0;0;0;0
27235;CACIMBINHAS;24;2;22;2;22;2;04/10/2026;18:28:19;558;506;14;38
27251;CAJUEIRO;42;8;34;8;34;8;04/10/2026;18:22:26;2131;1913;22;196
27081;CAMPESTRE;17;0;17;0;17;0;02/10/2026;18:30:21;0;0;0;0
27278;CAMPO ALEGRE;78;8;70;8;70;8;04/10/2026;18:13:17;1934;1646;56;232
27294;CAMPO GRANDE;26;15;11;15;11;15;04/10/2026;18:22:26;4039;3516;119;404
27316;CANAPI;53;31;22;31;22;31;04/10/2026;18:23:53;6154;5526;128;500
27332;CAPELA;46;0;46;0;46;0;02/10/2026;18:30:22;0;0;0;0
27359;CARNEIROS;23;0;23;0;23;0;02/10/2026;18:30:22;0;0;0;0
27375;CHÃ PRETA;23;8;15;9;14;8;04/10/2026;18:31:19;1771;1562;36;173
27391;COITÉ DO NÓIA;30;1;29;1;29;1;04/10/2026;18:31:19;230;217;0;13
27413;COLÔNIA LEOPOLDINA;55;32;23;32;23;32;04/10/2026;18:18:57;6695;5657;274;764
27430;COQUEIRO SECO;17;0;17;0;17;0;02/10/2026;18:30:22;0;0;0;0
27456;CORURIPE;122;0;122;0;122;0;02/10/2026;18:30:23;0;0;0;0
28894;CRAÍBAS;59;2;57;2;57;2;04/10/2026;18:33:17;644;582;15;47
27472;DELMIRO GOUVEIA;151;9;142;9;142;9;04/10/2026;18:17:14;1615;1456;29;130
27499;DOIS RIACHOS;27;1;26;1;26;1;04/10/2026;18:27:11;255;228;5;22
27049;ESTRELA DE ALAGOAS;41;13;28;13;28;13;04/10/2026;18:31:19;3105;2778;78;249
27510;FEIRA GRANDE;53;10;43;10;43;10;04/10/2026;18:30:18;2849;2449;92;308
27537;FELIZ DESERTO;11;2;9;2;9;2;04/10/2026;18:28:19;569;474;24;71
27553;FLEXEIRAS;26;0;26;0;26;0;02/10/2026;18:30:21;0;0;0;0
27570;GIRAU DO PONCIANO;76;3;73;3;73;3;04/10/2026;17:47:33;759;666;31;62
27596;IBATEGUARA;33;17;16;17;16;17;04/10/2026;18:28:19;4209;3666;107;436
27618;IGACI;82;6;76;6;76;6;04/10/2026;18:26:27;918;789;26;103
27634;IGREJA NOVA;55;0;55;0;55;0;02/10/2026;18:30:23;0;0;0;0
27650;INHAPI;43;10;33;10;33;10;04/10/2026;18:27:12;2176;1903;65;208
27677;JACARÉ DOS HOMENS;14;0;14;0;14;0;02/10/2026;18:30:21;0;0;0;0
27693;JACUÍPE;17;0;17;0;17;0;02/10/2026;18:30:20;0;0;0;0
27715;JAPARATINGA;27;0;27;0;27;0;02/10/2026;18:30:22;0;0;0;0
27731;JARAMATAIA;16;0;16;0;16;0;02/10/2026;18:30:23;0;0;0;0
27065;JEQUIÁ DA PRAIA;24;0;24;0;24;0;02/10/2026;18:30:22;0;0;0;0
27758;JOAQUIM GOMES;53;0;53;0;53;0;02/10/2026;18:30:22;0;0;0;0
27774;JUNDIÁ;14;6;8;6;8;6;04/10/2026;18:23:58;1811;1616;35;160
27790;JUNQUEIRO;63;4;59;4;59;4;04/10/2026;18:29:20;1046;859;50;137
27812;LAGOA DA CANOA;46;0;46;0;46;0;02/10/2026;18:30:20;0;0;0;0
27839;LIMOEIRO DE ANADIA;64;35;29;35;29;35;04/10/2026;18:34:28;7933;6770;215;948
27855;MACEIÓ;1661;152;1509;152;1509;152;04/10/2026;18:34:37;43382;39947;948;2487
27871;MAJOR ISIDORO;46;11;35;11;35;11;04/10/2026;18:33:17;2703;2428;46;229
27979;MAR VERMELHO;11;8;3;8;3;8;04/10/2026;18:31:19;2198;1952;54;192
27898;MARAGOGI;69;0;69;0;69;0;02/10/2026;18:30:23;0;0;0;0
27910;MARAVILHA;26;0;26;0;26;0;02/10/2026;18:30:22;0;0;0;0
27936;MARECHAL DEODORO;142;16;126;16;126;16;04/10/2026;18:27:12;3592;3212;109;271
27952;MARIBONDO;37;23;14;23;14;23;04/10/2026;18:32:36;5135;4478;107;550
27995;MATA GRANDE;63;35;28;35;28;35;04/10/2026;18:32:36;7307;6606;103;598
28010;MATRIZ DE CAMARAGIBE;53;0;53;0;53;0;02/10/2026;18:30:23;0;0;0;0
28037;MESSIAS;39;0;39;0;39;0;02/10/2026;18:30:22;0;0;0;0
28053;MINADOR DO NEGRÃO;18;0;18;0;18;0;02/10/2026;18:30:21;0;0;0;0
28070;MONTEIRÓPOLIS;19;0;19;0;19;0;02/10/2026;18:30:21;0;0;0;0
28096;MURICI;63;8;55;8;55;8;04/10/2026;18:15:04;1690;1458;52;180
28118;NOVO LINO;30;0;30;0;30;0;02/10/2026;18:30:22;0;0;0;0
28134;OLHO D'ÁGUA DAS FLORES;47;6;41;6;41;6;04/10/2026;18:31:36;1414;1286;20;108
28150;OLHO D'ÁGUA DO CASADO;21;0;21;0;21;0;02/10/2026;18:30:23;0;0;0;0
28177;OLHO D'ÁGUA GRANDE;15;4;11;4;11;4;04/10/2026;18:15:56;1043;935;28;80
28193;OLIVENÇA;38;15;23;15;23;15;04/10/2026;18:23:58;2757;2494;17;246
28215;OURO BRANCO;27;0;27;0;27;0;02/10/2026;18:30:22;0;0;0;0
28231;PALESTINA;14;3;11;3;11;3;04/10/2026;18:29:20;758;680;24;54
28258;PALMEIRA DOS ÍNDIOS;170;5;165;5;165;5;04/10/2026;18:27:12;826;741;22;63
27022;PARICONHA;29;10;19;10;19;10;04/10/2026;18:30:18;2463;2196;49;218
27006;PARIPUEIRA;33;0;33;0;33;0;02/10/2026;18:30:22;0;0;0;0
28290;PASSO DE CAMARAGIBE;38;0;38;0;38;0;02/10/2026;18:30:21;0;0;0;0
28312;PAULO JACINTO;26;23;3;23;3;23;04/10/2026;18:22:26;4734;4145;112;477
28339;PENEDO;138;12;126;12;126;12;04/10/2026;18:28:19;2541;2174;113;254
28355;PIAÇABUÇU;44;21;23;21;23;21;04/10/2026;18:15:56;4485;3825;165;495
28371;PILAR;84;24;60;24;60;24;04/10/2026;18:26:27;6350;5518;247;585
28398;PINDOBA;8;1;7;1;7;1;04/10/2026;18:17:14;298;272;4;22
28410;PIRANHAS;56;0;56;0;56;0;02/10/2026;18:30:21;0;0;0;0
28452;PORTO CALVO;69;0;69;0;69;0;02/10/2026;18:30:21;0;0;0;0
28479;PORTO DE PEDRAS;23;0;23;0;23;0;02/10/2026;18:30:21;0;0;0;0
28495;PORTO REAL DO COLÉGIO;53;0;53;0;53;0;02/10/2026;18:30:21;0;0;0;0
28436;POÇO DAS TRINCHEIRAS;34;3;31;3;31;3;04/10/2026;18:34:37;763;702;13;48
28274;PÃO DE AÇÚCAR;64;10;54;10;54;10;04/10/2026;18:22:26;1885;1711;50;124
28517;QUEBRANGULO;37;23;14;23;14;23;04/10/2026;18:23:06;4867;4319;114;434
28533;RIO LARGO;205;37;168;37;168;37;04/10/2026;18:27:12;8425;7339;389;697
28550;ROTEIRO;17;0;17;0;17;0;02/10/2026;18:30:21;0;0;0;0
28576;SANTA LUZIA DO NORTE;18;6;12;6;12;6;04/10/2026;18:25:25;1665;1435;59;171
28592;SANTANA DO IPANEMA;115;16;99;16;99;16;04/10/2026;18:31:19;3252;2961;74;217
28614;SANTANA DO MUNDAÚ;28;9;19;9;19;9;04/10/2026;18:23:06;2013;1741;57;215
28770;SATUBA;41;20;21;17;24;16;04/10/2026;18:31:19;5002;4456;145;401
28916;SENADOR RUI PALMEIRA;30;6;24;6;24;6;04/10/2026;18:33:17;1493;1352;20;121
28630;SÃO BRÁS;23;2;21;2;21;2;04/10/2026;18:09:22;547;479;26;42
28657;SÃO JOSÉ DA LAJE;50;28;22;28;22;28;04/10/2026;18:34:28;7185;6127;272;786
28673;SÃO JOSÉ DA TAPERA;64;2;62;2;62;2;04/10/2026;18:17:29;548;489;13;46
28690;SÃO LUÍS DO QUITUNDE;71;12;59;12;59;12;04/10/2026;18:13:08;2914;2505;96;313
28711;SÃO MIGUEL DOS CAMPOS;137;0;137;0;137;0;02/10/2026;18:30:21;0;0;0;0
28738;SÃO MIGUEL DOS MILAGRES;22;0;22;0;22;0;02/10/2026;18:30:22;0;0;0;0
28754;SÃO SEBASTIÃO;74;0;74;0;74;0;02/10/2026;18:30:21;0;0;0;0
28797;TANQUE D'ARCA;19;0;19;0;19;0;02/10/2026;18:30:22;0;0;0;0
28819;TAQUARANA;54;20;34;20;34;20;04/10/2026;18:23:53;4498;3972;131;395
28932;TEOTÔNIO VILELA;89;2;87;2;87;2;04/10/2026;17:54:34;501;436;10;55
28835;TRAIPU;72;66;6;67;5;66;04/10/2026;18:31:36;12949;11326;226;1397
28851;UNIÃO DOS PALMARES;140;8;132;8;132;8;04/10/2026;18:31:19;1727;1514;45;168
28878;VIÇOSA;60;5;55;5;55;5;04/10/2026;18:00:26;1310;1161;34;115
27014;ÁGUA BRANCA;46;0;46;0;46;0;02/10/2026;18:30:22;0;0;0;0
