codigo_tse;municipio;numero;candidato;votos;percentual_total_apurado;percentual_votos_validos;votos_total;votos_validos;secoes_no_arquivo_de_votos;secoes_total
27030;ANADIA;15;RENAN FILHO;3173;45,65%;53,86%;6950;5891;35;46
27030;ANADIA;35;MÁRCIO JAMBO;1;0,01%;0,02%;6950;5891;35;46
27030;ANADIA;45;JHC;2711;39,01%;46,02%;6950;5891;35;46
27030;ANADIA;80;LENILDA LUNA;6;0,09%;0,10%;6950;5891;35;46
27057;ARAPIRACA;15;RENAN FILHO;17441;42,37%;46,79%;41168;37272;159;446
27057;ARAPIRACA;35;MÁRCIO JAMBO;17;0,04%;0,05%;41168;37272;159;446
27057;ARAPIRACA;45;JHC;19646;47,72%;52,71%;41168;37272;159;446
27057;ARAPIRACA;80;LENILDA LUNA;168;0,41%;0,45%;41168;37272;159;446
27073;ATALAIA;15;RENAN FILHO;0;;;0;0;0;113
27073;ATALAIA;35;MÁRCIO JAMBO;0;;;0;0;0;113
27073;ATALAIA;45;JHC;0;;;0;0;0;113
27073;ATALAIA;80;LENILDA LUNA;0;;;0;0;0;113
27090;BARRA DE SANTO ANTÔNIO;15;RENAN FILHO;0;;;0;0;0;41
27090;BARRA DE SANTO ANTÔNIO;35;MÁRCIO JAMBO;0;;;0;0;0;41
27090;BARRA DE SANTO ANTÔNIO;45;JHC;0;;;0;0;0;41
27090;BARRA DE SANTO ANTÔNIO;80;LENILDA LUNA;0;;;0;0;0;41
27111;BARRA DE SÃO MIGUEL;15;RENAN FILHO;337;26,92%;30,92%;1252;1090;5;27
27111;BARRA DE SÃO MIGUEL;35;MÁRCIO JAMBO;1;0,08%;0,09%;1252;1090;5;27
27111;BARRA DE SÃO MIGUEL;45;JHC;748;59,74%;68,62%;1252;1090;5;27
27111;BARRA DE SÃO MIGUEL;80;LENILDA LUNA;4;0,32%;0,37%;1252;1090;5;27
27138;BATALHA;15;RENAN FILHO;0;;;0;0;0;36
27138;BATALHA;35;MÁRCIO JAMBO;0;;;0;0;0;36
27138;BATALHA;45;JHC;0;;;0;0;0;36
27138;BATALHA;80;LENILDA LUNA;0;;;0;0;0;36
27170;BELO MONTE;15;RENAN FILHO;417;68,47%;73,94%;609;564;2;16
27170;BELO MONTE;35;MÁRCIO JAMBO;0;0,00%;0,00%;609;564;2;16
27170;BELO MONTE;45;JHC;146;23,97%;25,89%;609;564;2;16
27170;BELO MONTE;80;LENILDA LUNA;1;0,16%;0,18%;609;564;2;16
27154;BELÉM;15;RENAN FILHO;795;58,76%;67,26%;1353;1182;7;20
27154;BELÉM;35;MÁRCIO JAMBO;0;0,00%;0,00%;1353;1182;7;20
27154;BELÉM;45;JHC;385;28,46%;32,57%;1353;1182;7;20
27154;BELÉM;80;LENILDA LUNA;2;0,15%;0,17%;1353;1182;7;20
27197;BOCA DA MATA;15;RENAN FILHO;857;37,18%;42,98%;2305;1994;9;59
27197;BOCA DA MATA;35;MÁRCIO JAMBO;3;0,13%;0,15%;2305;1994;9;59
27197;BOCA DA MATA;45;JHC;1131;49,07%;56,72%;2305;1994;9;59
27197;BOCA DA MATA;80;LENILDA LUNA;3;0,13%;0,15%;2305;1994;9;59
27219;BRANQUINHA;15;RENAN FILHO;0;;;0;0;0;26
27219;BRANQUINHA;35;MÁRCIO JAMBO;0;;;0;0;0;26
27219;BRANQUINHA;45;JHC;0;;;0;0;0;26
27219;BRANQUINHA;80;LENILDA LUNA;0;;;0;0;0;26
27235;CACIMBINHAS;15;RENAN FILHO;392;70,25%;77,47%;558;506;2;24
27235;CACIMBINHAS;35;MÁRCIO JAMBO;0;0,00%;0,00%;558;506;2;24
27235;CACIMBINHAS;45;JHC;114;20,43%;22,53%;558;506;2;24
27235;CACIMBINHAS;80;LENILDA LUNA;0;0,00%;0,00%;558;506;2;24
27251;CAJUEIRO;15;RENAN FILHO;1004;47,11%;52,48%;2131;1913;8;42
27251;CAJUEIRO;35;MÁRCIO JAMBO;1;0,05%;0,05%;2131;1913;8;42
27251;CAJUEIRO;45;JHC;905;42,47%;47,31%;2131;1913;8;42
27251;CAJUEIRO;80;LENILDA LUNA;3;0,14%;0,16%;2131;1913;8;42
27081;CAMPESTRE;15;RENAN FILHO;0;;;0;0;0;17
27081;CAMPESTRE;35;MÁRCIO JAMBO;0;;;0;0;0;17
27081;CAMPESTRE;45;JHC;0;;;0;0;0;17
27081;CAMPESTRE;80;LENILDA LUNA;0;;;0;0;0;17
27278;CAMPO ALEGRE;15;RENAN FILHO;1116;57,70%;67,80%;1934;1646;8;78
27278;CAMPO ALEGRE;35;MÁRCIO JAMBO;0;0,00%;0,00%;1934;1646;8;78
27278;CAMPO ALEGRE;45;JHC;528;27,30%;32,08%;1934;1646;8;78
27278;CAMPO ALEGRE;80;LENILDA LUNA;2;0,10%;0,12%;1934;1646;8;78
27294;CAMPO GRANDE;15;RENAN FILHO;2226;55,11%;63,31%;4039;3516;15;26
27294;CAMPO GRANDE;35;MÁRCIO JAMBO;0;0,00%;0,00%;4039;3516;15;26
27294;CAMPO GRANDE;45;JHC;1287;31,86%;36,60%;4039;3516;15;26
27294;CAMPO GRANDE;80;LENILDA LUNA;3;0,07%;0,09%;4039;3516;15;26
27316;CANAPI;15;RENAN FILHO;3744;60,84%;67,75%;6154;5526;31;53
27316;CANAPI;35;MÁRCIO JAMBO;1;0,02%;0,02%;6154;5526;31;53
27316;CANAPI;45;JHC;1772;28,79%;32,07%;6154;5526;31;53
27316;CANAPI;80;LENILDA LUNA;9;0,15%;0,16%;6154;5526;31;53
27332;CAPELA;15;RENAN FILHO;0;;;0;0;0;46
27332;CAPELA;35;MÁRCIO JAMBO;0;;;0;0;0;46
27332;CAPELA;45;JHC;0;;;0;0;0;46
27332;CAPELA;80;LENILDA LUNA;0;;;0;0;0;46
27359;CARNEIROS;15;RENAN FILHO;0;;;0;0;0;23
27359;CARNEIROS;35;MÁRCIO JAMBO;0;;;0;0;0;23
27359;CARNEIROS;45;JHC;0;;;0;0;0;23
27359;CARNEIROS;80;LENILDA LUNA;0;;;0;0;0;23
27375;CHÃ PRETA;15;RENAN FILHO;913;51,55%;58,45%;1771;1562;8;23
27375;CHÃ PRETA;35;MÁRCIO JAMBO;1;0,06%;0,06%;1771;1562;8;23
27375;CHÃ PRETA;45;JHC;647;36,53%;41,42%;1771;1562;8;23
27375;CHÃ PRETA;80;LENILDA LUNA;1;0,06%;0,06%;1771;1562;8;23
27391;COITÉ DO NÓIA;15;RENAN FILHO;90;39,13%;41,47%;230;217;1;30
27391;COITÉ DO NÓIA;35;MÁRCIO JAMBO;0;0,00%;0,00%;230;217;1;30
27391;COITÉ DO NÓIA;45;JHC;126;54,78%;58,06%;230;217;1;30
27391;COITÉ DO NÓIA;80;LENILDA LUNA;1;0,43%;0,46%;230;217;1;30
27413;COLÔNIA LEOPOLDINA;15;RENAN FILHO;2308;34,47%;40,80%;6695;5657;32;55
27413;COLÔNIA LEOPOLDINA;35;MÁRCIO JAMBO;3;0,04%;0,05%;6695;5657;32;55
27413;COLÔNIA LEOPOLDINA;45;JHC;3333;49,78%;58,92%;6695;5657;32;55
27413;COLÔNIA LEOPOLDINA;80;LENILDA LUNA;13;0,19%;0,23%;6695;5657;32;55
27430;COQUEIRO SECO;15;RENAN FILHO;0;;;0;0;0;17
27430;COQUEIRO SECO;35;MÁRCIO JAMBO;0;;;0;0;0;17
27430;COQUEIRO SECO;45;JHC;0;;;0;0;0;17
27430;COQUEIRO SECO;80;LENILDA LUNA;0;;;0;0;0;17
27456;CORURIPE;15;RENAN FILHO;0;;;0;0;0;122
27456;CORURIPE;35;MÁRCIO JAMBO;0;;;0;0;0;122
27456;CORURIPE;45;JHC;0;;;0;0;0;122
27456;CORURIPE;80;LENILDA LUNA;0;;;0;0;0;122
28894;CRAÍBAS;15;RENAN FILHO;287;44,57%;49,31%;644;582;2;59
28894;CRAÍBAS;35;MÁRCIO JAMBO;0;0,00%;0,00%;644;582;2;59
28894;CRAÍBAS;45;JHC;294;45,65%;50,52%;644;582;2;59
28894;CRAÍBAS;80;LENILDA LUNA;1;0,16%;0,17%;644;582;2;59
27472;DELMIRO GOUVEIA;15;RENAN FILHO;1133;70,15%;77,82%;1615;1456;9;151
27472;DELMIRO GOUVEIA;35;MÁRCIO JAMBO;1;0,06%;0,07%;1615;1456;9;151
27472;DELMIRO GOUVEIA;45;JHC;321;19,88%;22,05%;1615;1456;9;151
27472;DELMIRO GOUVEIA;80;LENILDA LUNA;1;0,06%;0,07%;1615;1456;9;151
27499;DOIS RIACHOS;15;RENAN FILHO;119;46,67%;52,19%;255;228;1;27
27499;DOIS RIACHOS;35;MÁRCIO JAMBO;0;0,00%;0,00%;255;228;1;27
27499;DOIS RIACHOS;45;JHC;108;42,35%;47,37%;255;228;1;27
27499;DOIS RIACHOS;80;LENILDA LUNA;1;0,39%;0,44%;255;228;1;27
27049;ESTRELA DE ALAGOAS;15;RENAN FILHO;1959;63,09%;70,52%;3105;2778;13;41
27049;ESTRELA DE ALAGOAS;35;MÁRCIO JAMBO;0;0,00%;0,00%;3105;2778;13;41
27049;ESTRELA DE ALAGOAS;45;JHC;813;26,18%;29,27%;3105;2778;13;41
27049;ESTRELA DE ALAGOAS;80;LENILDA LUNA;6;0,19%;0,22%;3105;2778;13;41
27510;FEIRA GRANDE;15;RENAN FILHO;1701;59,71%;69,46%;2849;2449;10;53
27510;FEIRA GRANDE;35;MÁRCIO JAMBO;0;0,00%;0,00%;2849;2449;10;53
27510;FEIRA GRANDE;45;JHC;744;26,11%;30,38%;2849;2449;10;53
27510;FEIRA GRANDE;80;LENILDA LUNA;4;0,14%;0,16%;2849;2449;10;53
27537;FELIZ DESERTO;15;RENAN FILHO;253;44,46%;53,38%;569;474;2;11
27537;FELIZ DESERTO;35;MÁRCIO JAMBO;0;0,00%;0,00%;569;474;2;11
27537;FELIZ DESERTO;45;JHC;221;38,84%;46,62%;569;474;2;11
27537;FELIZ DESERTO;80;LENILDA LUNA;0;0,00%;0,00%;569;474;2;11
27553;FLEXEIRAS;15;RENAN FILHO;0;;;0;0;0;26
27553;FLEXEIRAS;35;MÁRCIO JAMBO;0;;;0;0;0;26
27553;FLEXEIRAS;45;JHC;0;;;0;0;0;26
27553;FLEXEIRAS;80;LENILDA LUNA;0;;;0;0;0;26
27570;GIRAU DO PONCIANO;15;RENAN FILHO;350;46,11%;52,55%;759;666;3;76
27570;GIRAU DO PONCIANO;35;MÁRCIO JAMBO;0;0,00%;0,00%;759;666;3;76
27570;GIRAU DO PONCIANO;45;JHC;316;41,63%;47,45%;759;666;3;76
27570;GIRAU DO PONCIANO;80;LENILDA LUNA;0;0,00%;0,00%;759;666;3;76
27596;IBATEGUARA;15;RENAN FILHO;1831;43,50%;49,95%;4209;3666;17;33
27596;IBATEGUARA;35;MÁRCIO JAMBO;0;0,00%;0,00%;4209;3666;17;33
27596;IBATEGUARA;45;JHC;1832;43,53%;49,97%;4209;3666;17;33
27596;IBATEGUARA;80;LENILDA LUNA;3;0,07%;0,08%;4209;3666;17;33
27618;IGACI;15;RENAN FILHO;507;55,23%;64,26%;918;789;6;82
27618;IGACI;35;MÁRCIO JAMBO;0;0,00%;0,00%;918;789;6;82
27618;IGACI;45;JHC;282;30,72%;35,74%;918;789;6;82
27618;IGACI;80;LENILDA LUNA;0;0,00%;0,00%;918;789;6;82
27634;IGREJA NOVA;15;RENAN FILHO;0;;;0;0;0;55
27634;IGREJA NOVA;35;MÁRCIO JAMBO;0;;;0;0;0;55
27634;IGREJA NOVA;45;JHC;0;;;0;0;0;55
27634;IGREJA NOVA;80;LENILDA LUNA;0;;;0;0;0;55
27650;INHAPI;15;RENAN FILHO;880;40,44%;46,24%;2176;1903;10;43
27650;INHAPI;35;MÁRCIO JAMBO;0;0,00%;0,00%;2176;1903;10;43
27650;INHAPI;45;JHC;1021;46,92%;53,65%;2176;1903;10;43
27650;INHAPI;80;LENILDA LUNA;2;0,09%;0,11%;2176;1903;10;43
27677;JACARÉ DOS HOMENS;15;RENAN FILHO;0;;;0;0;0;14
27677;JACARÉ DOS HOMENS;35;MÁRCIO JAMBO;0;;;0;0;0;14
27677;JACARÉ DOS HOMENS;45;JHC;0;;;0;0;0;14
27677;JACARÉ DOS HOMENS;80;LENILDA LUNA;0;;;0;0;0;14
27693;JACUÍPE;15;RENAN FILHO;0;;;0;0;0;17
27693;JACUÍPE;35;MÁRCIO JAMBO;0;;;0;0;0;17
27693;JACUÍPE;45;JHC;0;;;0;0;0;17
27693;JACUÍPE;80;LENILDA LUNA;0;;;0;0;0;17
27715;JAPARATINGA;15;RENAN FILHO;0;;;0;0;0;27
27715;JAPARATINGA;35;MÁRCIO JAMBO;0;;;0;0;0;27
27715;JAPARATINGA;45;JHC;0;;;0;0;0;27
27715;JAPARATINGA;80;LENILDA LUNA;0;;;0;0;0;27
27731;JARAMATAIA;15;RENAN FILHO;0;;;0;0;0;16
27731;JARAMATAIA;35;MÁRCIO JAMBO;0;;;0;0;0;16
27731;JARAMATAIA;45;JHC;0;;;0;0;0;16
27731;JARAMATAIA;80;LENILDA LUNA;0;;;0;0;0;16
27065;JEQUIÁ DA PRAIA;15;RENAN FILHO;0;;;0;0;0;24
27065;JEQUIÁ DA PRAIA;35;MÁRCIO JAMBO;0;;;0;0;0;24
27065;JEQUIÁ DA PRAIA;45;JHC;0;;;0;0;0;24
27065;JEQUIÁ DA PRAIA;80;LENILDA LUNA;0;;;0;0;0;24
27758;JOAQUIM GOMES;15;RENAN FILHO;0;;;0;0;0;53
27758;JOAQUIM GOMES;35;MÁRCIO JAMBO;0;;;0;0;0;53
27758;JOAQUIM GOMES;45;JHC;0;;;0;0;0;53
27758;JOAQUIM GOMES;80;LENILDA LUNA;0;;;0;0;0;53
27774;JUNDIÁ;15;RENAN FILHO;907;50,08%;56,13%;1811;1616;6;14
27774;JUNDIÁ;35;MÁRCIO JAMBO;0;0,00%;0,00%;1811;1616;6;14
27774;JUNDIÁ;45;JHC;704;38,87%;43,56%;1811;1616;6;14
27774;JUNDIÁ;80;LENILDA LUNA;5;0,28%;0,31%;1811;1616;6;14
27790;JUNQUEIRO;15;RENAN FILHO;523;50,00%;60,88%;1046;859;4;63
27790;JUNQUEIRO;35;MÁRCIO JAMBO;1;0,10%;0,12%;1046;859;4;63
27790;JUNQUEIRO;45;JHC;333;31,84%;38,77%;1046;859;4;63
27790;JUNQUEIRO;80;LENILDA LUNA;2;0,19%;0,23%;1046;859;4;63
27812;LAGOA DA CANOA;15;RENAN FILHO;0;;;0;0;0;46
27812;LAGOA DA CANOA;35;MÁRCIO JAMBO;0;;;0;0;0;46
27812;LAGOA DA CANOA;45;JHC;0;;;0;0;0;46
27812;LAGOA DA CANOA;80;LENILDA LUNA;0;;;0;0;0;46
27839;LIMOEIRO DE ANADIA;15;RENAN FILHO;4558;57,46%;67,33%;7933;6770;35;64
27839;LIMOEIRO DE ANADIA;35;MÁRCIO JAMBO;3;0,04%;0,04%;7933;6770;35;64
27839;LIMOEIRO DE ANADIA;45;JHC;2202;27,76%;32,53%;7933;6770;35;64
27839;LIMOEIRO DE ANADIA;80;LENILDA LUNA;7;0,09%;0,10%;7933;6770;35;64
27855;MACEIÓ;15;RENAN FILHO;13438;30,98%;33,64%;43382;39947;152;1661
27855;MACEIÓ;35;MÁRCIO JAMBO;49;0,11%;0,12%;43382;39947;152;1661
27855;MACEIÓ;45;JHC;26092;60,14%;65,32%;43382;39947;152;1661
27855;MACEIÓ;80;LENILDA LUNA;368;0,85%;0,92%;43382;39947;152;1661
27871;MAJOR ISIDORO;15;RENAN FILHO;1579;58,42%;65,03%;2703;2428;11;46
27871;MAJOR ISIDORO;35;MÁRCIO JAMBO;0;0,00%;0,00%;2703;2428;11;46
27871;MAJOR ISIDORO;45;JHC;847;31,34%;34,88%;2703;2428;11;46
27871;MAJOR ISIDORO;80;LENILDA LUNA;2;0,07%;0,08%;2703;2428;11;46
27979;MAR VERMELHO;15;RENAN FILHO;1278;58,14%;65,47%;2198;1952;8;11
27979;MAR VERMELHO;35;MÁRCIO JAMBO;1;0,05%;0,05%;2198;1952;8;11
27979;MAR VERMELHO;45;JHC;666;30,30%;34,12%;2198;1952;8;11
27979;MAR VERMELHO;80;LENILDA LUNA;7;0,32%;0,36%;2198;1952;8;11
27898;MARAGOGI;15;RENAN FILHO;0;;;0;0;0;69
27898;MARAGOGI;35;MÁRCIO JAMBO;0;;;0;0;0;69
27898;MARAGOGI;45;JHC;0;;;0;0;0;69
27898;MARAGOGI;80;LENILDA LUNA;0;;;0;0;0;69
27910;MARAVILHA;15;RENAN FILHO;0;;;0;0;0;26
27910;MARAVILHA;35;MÁRCIO JAMBO;0;;;0;0;0;26
27910;MARAVILHA;45;JHC;0;;;0;0;0;26
27910;MARAVILHA;80;LENILDA LUNA;0;;;0;0;0;26
27936;MARECHAL DEODORO;15;RENAN FILHO;1457;40,56%;45,36%;3592;3212;16;142
27936;MARECHAL DEODORO;35;MÁRCIO JAMBO;3;0,08%;0,09%;3592;3212;16;142
27936;MARECHAL DEODORO;45;JHC;1741;48,47%;54,20%;3592;3212;16;142
27936;MARECHAL DEODORO;80;LENILDA LUNA;11;0,31%;0,34%;3592;3212;16;142
27952;MARIBONDO;15;RENAN FILHO;2529;49,25%;56,48%;5135;4478;23;37
27952;MARIBONDO;35;MÁRCIO JAMBO;1;0,02%;0,02%;5135;4478;23;37
27952;MARIBONDO;45;JHC;1942;37,82%;43,37%;5135;4478;23;37
27952;MARIBONDO;80;LENILDA LUNA;6;0,12%;0,13%;5135;4478;23;37
27995;MATA GRANDE;15;RENAN FILHO;3671;50,24%;55,57%;7307;6606;35;63
27995;MATA GRANDE;35;MÁRCIO JAMBO;0;0,00%;0,00%;7307;6606;35;63
27995;MATA GRANDE;45;JHC;2929;40,08%;44,34%;7307;6606;35;63
27995;MATA GRANDE;80;LENILDA LUNA;6;0,08%;0,09%;7307;6606;35;63
28010;MATRIZ DE CAMARAGIBE;15;RENAN FILHO;0;;;0;0;0;53
28010;MATRIZ DE CAMARAGIBE;35;MÁRCIO JAMBO;0;;;0;0;0;53
28010;MATRIZ DE CAMARAGIBE;45;JHC;0;;;0;0;0;53
28010;MATRIZ DE CAMARAGIBE;80;LENILDA LUNA;0;;;0;0;0;53
28037;MESSIAS;15;RENAN FILHO;0;;;0;0;0;39
28037;MESSIAS;35;MÁRCIO JAMBO;0;;;0;0;0;39
28037;MESSIAS;45;JHC;0;;;0;0;0;39
28037;MESSIAS;80;LENILDA LUNA;0;;;0;0;0;39
28053;MINADOR DO NEGRÃO;15;RENAN FILHO;0;;;0;0;0;18
28053;MINADOR DO NEGRÃO;35;MÁRCIO JAMBO;0;;;0;0;0;18
28053;MINADOR DO NEGRÃO;45;JHC;0;;;0;0;0;18
28053;MINADOR DO NEGRÃO;80;LENILDA LUNA;0;;;0;0;0;18
28070;MONTEIRÓPOLIS;15;RENAN FILHO;0;;;0;0;0;19
28070;MONTEIRÓPOLIS;35;MÁRCIO JAMBO;0;;;0;0;0;19
28070;MONTEIRÓPOLIS;45;JHC;0;;;0;0;0;19
28070;MONTEIRÓPOLIS;80;LENILDA LUNA;0;;;0;0;0;19
28096;MURICI;15;RENAN FILHO;1082;64,02%;74,21%;1690;1458;8;63
28096;MURICI;35;MÁRCIO JAMBO;0;0,00%;0,00%;1690;1458;8;63
28096;MURICI;45;JHC;374;22,13%;25,65%;1690;1458;8;63
28096;MURICI;80;LENILDA LUNA;2;0,12%;0,14%;1690;1458;8;63
28118;NOVO LINO;15;RENAN FILHO;0;;;0;0;0;30
28118;NOVO LINO;35;MÁRCIO JAMBO;0;;;0;0;0;30
28118;NOVO LINO;45;JHC;0;;;0;0;0;30
28118;NOVO LINO;80;LENILDA LUNA;0;;;0;0;0;30
28134;OLHO D'ÁGUA DAS FLORES;15;RENAN FILHO;747;52,83%;58,09%;1414;1286;6;47
28134;OLHO D'ÁGUA DAS FLORES;35;MÁRCIO JAMBO;1;0,07%;0,08%;1414;1286;6;47
28134;OLHO D'ÁGUA DAS FLORES;45;JHC;538;38,05%;41,84%;1414;1286;6;47
28134;OLHO D'ÁGUA DAS FLORES;80;LENILDA LUNA;0;0,00%;0,00%;1414;1286;6;47
28150;OLHO D'ÁGUA DO CASADO;15;RENAN FILHO;0;;;0;0;0;21
28150;OLHO D'ÁGUA DO CASADO;35;MÁRCIO JAMBO;0;;;0;0;0;21
28150;OLHO D'ÁGUA DO CASADO;45;JHC;0;;;0;0;0;21
28150;OLHO D'ÁGUA DO CASADO;80;LENILDA LUNA;0;;;0;0;0;21
28177;OLHO D'ÁGUA GRANDE;15;RENAN FILHO;615;58,96%;65,78%;1043;935;4;15
28177;OLHO D'ÁGUA GRANDE;35;MÁRCIO JAMBO;0;0,00%;0,00%;1043;935;4;15
28177;OLHO D'ÁGUA GRANDE;45;JHC;318;30,49%;34,01%;1043;935;4;15
28177;OLHO D'ÁGUA GRANDE;80;LENILDA LUNA;2;0,19%;0,21%;1043;935;4;15
28193;OLIVENÇA;15;RENAN FILHO;1311;47,55%;52,57%;2757;2494;15;38
28193;OLIVENÇA;35;MÁRCIO JAMBO;0;0,00%;0,00%;2757;2494;15;38
28193;OLIVENÇA;45;JHC;1182;42,87%;47,39%;2757;2494;15;38
28193;OLIVENÇA;80;LENILDA LUNA;1;0,04%;0,04%;2757;2494;15;38
28215;OURO BRANCO;15;RENAN FILHO;0;;;0;0;0;27
28215;OURO BRANCO;35;MÁRCIO JAMBO;0;;;0;0;0;27
28215;OURO BRANCO;45;JHC;0;;;0;0;0;27
28215;OURO BRANCO;80;LENILDA LUNA;0;;;0;0;0;27
28231;PALESTINA;15;RENAN FILHO;512;67,55%;75,29%;758;680;3;14
28231;PALESTINA;35;MÁRCIO JAMBO;0;0,00%;0,00%;758;680;3;14
28231;PALESTINA;45;JHC;168;22,16%;24,71%;758;680;3;14
28231;PALESTINA;80;LENILDA LUNA;0;0,00%;0,00%;758;680;3;14
28258;PALMEIRA DOS ÍNDIOS;15;RENAN FILHO;417;50,48%;56,28%;826;741;5;170
28258;PALMEIRA DOS ÍNDIOS;35;MÁRCIO JAMBO;0;0,00%;0,00%;826;741;5;170
28258;PALMEIRA DOS ÍNDIOS;45;JHC;316;38,26%;42,65%;826;741;5;170
28258;PALMEIRA DOS ÍNDIOS;80;LENILDA LUNA;8;0,97%;1,08%;826;741;5;170
27022;PARICONHA;15;RENAN FILHO;1760;71,46%;80,15%;2463;2196;10;29
27022;PARICONHA;35;MÁRCIO JAMBO;0;0,00%;0,00%;2463;2196;10;29
27022;PARICONHA;45;JHC;431;17,50%;19,63%;2463;2196;10;29
27022;PARICONHA;80;LENILDA LUNA;5;0,20%;0,23%;2463;2196;10;29
27006;PARIPUEIRA;15;RENAN FILHO;0;;;0;0;0;33
27006;PARIPUEIRA;35;MÁRCIO JAMBO;0;;;0;0;0;33
27006;PARIPUEIRA;45;JHC;0;;;0;0;0;33
27006;PARIPUEIRA;80;LENILDA LUNA;0;;;0;0;0;33
28290;PASSO DE CAMARAGIBE;15;RENAN FILHO;0;;;0;0;0;38
28290;PASSO DE CAMARAGIBE;35;MÁRCIO JAMBO;0;;;0;0;0;38
28290;PASSO DE CAMARAGIBE;45;JHC;0;;;0;0;0;38
28290;PASSO DE CAMARAGIBE;80;LENILDA LUNA;0;;;0;0;0;38
28312;PAULO JACINTO;15;RENAN FILHO;2486;52,51%;59,98%;4734;4145;23;26
28312;PAULO JACINTO;35;MÁRCIO JAMBO;2;0,04%;0,05%;4734;4145;23;26
28312;PAULO JACINTO;45;JHC;1649;34,83%;39,78%;4734;4145;23;26
28312;PAULO JACINTO;80;LENILDA LUNA;8;0,17%;0,19%;4734;4145;23;26
28339;PENEDO;15;RENAN FILHO;1349;53,09%;62,05%;2541;2174;12;138
28339;PENEDO;35;MÁRCIO JAMBO;1;0,04%;0,05%;2541;2174;12;138
28339;PENEDO;45;JHC;821;32,31%;37,76%;2541;2174;12;138
28339;PENEDO;80;LENILDA LUNA;3;0,12%;0,14%;2541;2174;12;138
28355;PIAÇABUÇU;15;RENAN FILHO;1907;42,52%;49,86%;4485;3825;21;44
28355;PIAÇABUÇU;35;MÁRCIO JAMBO;2;0,04%;0,05%;4485;3825;21;44
28355;PIAÇABUÇU;45;JHC;1908;42,54%;49,88%;4485;3825;21;44
28355;PIAÇABUÇU;80;LENILDA LUNA;8;0,18%;0,21%;4485;3825;21;44
28371;PILAR;15;RENAN FILHO;2887;45,46%;52,32%;6350;5518;24;84
28371;PILAR;35;MÁRCIO JAMBO;2;0,03%;0,04%;6350;5518;24;84
28371;PILAR;45;JHC;2618;41,23%;47,44%;6350;5518;24;84
28371;PILAR;80;LENILDA LUNA;11;0,17%;0,20%;6350;5518;24;84
28398;PINDOBA;15;RENAN FILHO;142;47,65%;52,21%;298;272;1;8
28398;PINDOBA;35;MÁRCIO JAMBO;0;0,00%;0,00%;298;272;1;8
28398;PINDOBA;45;JHC;130;43,62%;47,79%;298;272;1;8
28398;PINDOBA;80;LENILDA LUNA;0;0,00%;0,00%;298;272;1;8
28410;PIRANHAS;15;RENAN FILHO;0;;;0;0;0;56
28410;PIRANHAS;35;MÁRCIO JAMBO;0;;;0;0;0;56
28410;PIRANHAS;45;JHC;0;;;0;0;0;56
28410;PIRANHAS;80;LENILDA LUNA;0;;;0;0;0;56
28452;PORTO CALVO;15;RENAN FILHO;0;;;0;0;0;69
28452;PORTO CALVO;35;MÁRCIO JAMBO;0;;;0;0;0;69
28452;PORTO CALVO;45;JHC;0;;;0;0;0;69
28452;PORTO CALVO;80;LENILDA LUNA;0;;;0;0;0;69
28479;PORTO DE PEDRAS;15;RENAN FILHO;0;;;0;0;0;23
28479;PORTO DE PEDRAS;35;MÁRCIO JAMBO;0;;;0;0;0;23
28479;PORTO DE PEDRAS;45;JHC;0;;;0;0;0;23
28479;PORTO DE PEDRAS;80;LENILDA LUNA;0;;;0;0;0;23
28495;PORTO REAL DO COLÉGIO;15;RENAN FILHO;0;;;0;0;0;53
28495;PORTO REAL DO COLÉGIO;35;MÁRCIO JAMBO;0;;;0;0;0;53
28495;PORTO REAL DO COLÉGIO;45;JHC;0;;;0;0;0;53
28495;PORTO REAL DO COLÉGIO;80;LENILDA LUNA;0;;;0;0;0;53
28436;POÇO DAS TRINCHEIRAS;15;RENAN FILHO;440;57,67%;62,68%;763;702;3;34
28436;POÇO DAS TRINCHEIRAS;35;MÁRCIO JAMBO;0;0,00%;0,00%;763;702;3;34
28436;POÇO DAS TRINCHEIRAS;45;JHC;261;34,21%;37,18%;763;702;3;34
28436;POÇO DAS TRINCHEIRAS;80;LENILDA LUNA;1;0,13%;0,14%;763;702;3;34
28274;PÃO DE AÇÚCAR;15;RENAN FILHO;1124;59,63%;65,69%;1885;1711;10;64
28274;PÃO DE AÇÚCAR;35;MÁRCIO JAMBO;0;0,00%;0,00%;1885;1711;10;64
28274;PÃO DE AÇÚCAR;45;JHC;586;31,09%;34,25%;1885;1711;10;64
28274;PÃO DE AÇÚCAR;80;LENILDA LUNA;1;0,05%;0,06%;1885;1711;10;64
28517;QUEBRANGULO;15;RENAN FILHO;2256;46,35%;52,23%;4867;4319;23;37
28517;QUEBRANGULO;35;MÁRCIO JAMBO;1;0,02%;0,02%;4867;4319;23;37
28517;QUEBRANGULO;45;JHC;2059;42,31%;47,67%;4867;4319;23;37
28517;QUEBRANGULO;80;LENILDA LUNA;3;0,06%;0,07%;4867;4319;23;37
28533;RIO LARGO;15;RENAN FILHO;3197;37,95%;43,56%;8425;7339;37;205
28533;RIO LARGO;35;MÁRCIO JAMBO;3;0,04%;0,04%;8425;7339;37;205
28533;RIO LARGO;45;JHC;4109;48,77%;55,99%;8425;7339;37;205
28533;RIO LARGO;80;LENILDA LUNA;30;0,36%;0,41%;8425;7339;37;205
28550;ROTEIRO;15;RENAN FILHO;0;;;0;0;0;17
28550;ROTEIRO;35;MÁRCIO JAMBO;0;;;0;0;0;17
28550;ROTEIRO;45;JHC;0;;;0;0;0;17
28550;ROTEIRO;80;LENILDA LUNA;0;;;0;0;0;17
28576;SANTA LUZIA DO NORTE;15;RENAN FILHO;647;38,86%;45,09%;1665;1435;6;18
28576;SANTA LUZIA DO NORTE;35;MÁRCIO JAMBO;1;0,06%;0,07%;1665;1435;6;18
28576;SANTA LUZIA DO NORTE;45;JHC;785;47,15%;54,70%;1665;1435;6;18
28576;SANTA LUZIA DO NORTE;80;LENILDA LUNA;2;0,12%;0,14%;1665;1435;6;18
28592;SANTANA DO IPANEMA;15;RENAN FILHO;1427;43,88%;48,19%;3252;2961;16;115
28592;SANTANA DO IPANEMA;35;MÁRCIO JAMBO;1;0,03%;0,03%;3252;2961;16;115
28592;SANTANA DO IPANEMA;45;JHC;1527;46,96%;51,57%;3252;2961;16;115
28592;SANTANA DO IPANEMA;80;LENILDA LUNA;6;0,18%;0,20%;3252;2961;16;115
28614;SANTANA DO MUNDAÚ;15;RENAN FILHO;975;48,44%;56,00%;2013;1741;9;28
28614;SANTANA DO MUNDAÚ;35;MÁRCIO JAMBO;1;0,05%;0,06%;2013;1741;9;28
28614;SANTANA DO MUNDAÚ;45;JHC;764;37,95%;43,88%;2013;1741;9;28
28614;SANTANA DO MUNDAÚ;80;LENILDA LUNA;1;0,05%;0,06%;2013;1741;9;28
28770;SATUBA;15;RENAN FILHO;1372;27,43%;30,79%;5002;4456;16;41
28770;SATUBA;35;MÁRCIO JAMBO;1;0,02%;0,02%;5002;4456;16;41
28770;SATUBA;45;JHC;3057;61,12%;68,60%;5002;4456;16;41
28770;SATUBA;80;LENILDA LUNA;26;0,52%;0,58%;5002;4456;16;41
28916;SENADOR RUI PALMEIRA;15;RENAN FILHO;778;52,11%;57,54%;1493;1352;6;30
28916;SENADOR RUI PALMEIRA;35;MÁRCIO JAMBO;0;0,00%;0,00%;1493;1352;6;30
28916;SENADOR RUI PALMEIRA;45;JHC;571;38,25%;42,23%;1493;1352;6;30
28916;SENADOR RUI PALMEIRA;80;LENILDA LUNA;3;0,20%;0,22%;1493;1352;6;30
28630;SÃO BRÁS;15;RENAN FILHO;340;62,16%;70,98%;547;479;2;23
28630;SÃO BRÁS;35;MÁRCIO JAMBO;0;0,00%;0,00%;547;479;2;23
28630;SÃO BRÁS;45;JHC;139;25,41%;29,02%;547;479;2;23
28630;SÃO BRÁS;80;LENILDA LUNA;0;0,00%;0,00%;547;479;2;23
28657;SÃO JOSÉ DA LAJE;15;RENAN FILHO;3092;43,03%;50,47%;7185;6127;28;50
28657;SÃO JOSÉ DA LAJE;35;MÁRCIO JAMBO;1;0,01%;0,02%;7185;6127;28;50
28657;SÃO JOSÉ DA LAJE;45;JHC;3021;42,05%;49,31%;7185;6127;28;50
28657;SÃO JOSÉ DA LAJE;80;LENILDA LUNA;13;0,18%;0,21%;7185;6127;28;50
28673;SÃO JOSÉ DA TAPERA;15;RENAN FILHO;268;48,91%;54,81%;548;489;2;64
28673;SÃO JOSÉ DA TAPERA;35;MÁRCIO JAMBO;1;0,18%;0,20%;548;489;2;64
28673;SÃO JOSÉ DA TAPERA;45;JHC;219;39,96%;44,79%;548;489;2;64
28673;SÃO JOSÉ DA TAPERA;80;LENILDA LUNA;1;0,18%;0,20%;548;489;2;64
28690;SÃO LUÍS DO QUITUNDE;15;RENAN FILHO;981;33,67%;39,16%;2914;2505;12;71
28690;SÃO LUÍS DO QUITUNDE;35;MÁRCIO JAMBO;2;0,07%;0,08%;2914;2505;12;71
28690;SÃO LUÍS DO QUITUNDE;45;JHC;1519;52,13%;60,64%;2914;2505;12;71
28690;SÃO LUÍS DO QUITUNDE;80;LENILDA LUNA;3;0,10%;0,12%;2914;2505;12;71
28711;SÃO MIGUEL DOS CAMPOS;15;RENAN FILHO;0;;;0;0;0;137
28711;SÃO MIGUEL DOS CAMPOS;35;MÁRCIO JAMBO;0;;;0;0;0;137
28711;SÃO MIGUEL DOS CAMPOS;45;JHC;0;;;0;0;0;137
28711;SÃO MIGUEL DOS CAMPOS;80;LENILDA LUNA;0;;;0;0;0;137
28738;SÃO MIGUEL DOS MILAGRES;15;RENAN FILHO;0;;;0;0;0;22
28738;SÃO MIGUEL DOS MILAGRES;35;MÁRCIO JAMBO;0;;;0;0;0;22
28738;SÃO MIGUEL DOS MILAGRES;45;JHC;0;;;0;0;0;22
28738;SÃO MIGUEL DOS MILAGRES;80;LENILDA LUNA;0;;;0;0;0;22
28754;SÃO SEBASTIÃO;15;RENAN FILHO;0;;;0;0;0;74
28754;SÃO SEBASTIÃO;35;MÁRCIO JAMBO;0;;;0;0;0;74
28754;SÃO SEBASTIÃO;45;JHC;0;;;0;0;0;74
28754;SÃO SEBASTIÃO;80;LENILDA LUNA;0;;;0;0;0;74
28797;TANQUE D'ARCA;15;RENAN FILHO;0;;;0;0;0;19
28797;TANQUE D'ARCA;35;MÁRCIO JAMBO;0;;;0;0;0;19
28797;TANQUE D'ARCA;45;JHC;0;;;0;0;0;19
28797;TANQUE D'ARCA;80;LENILDA LUNA;0;;;0;0;0;19
28819;TAQUARANA;15;RENAN FILHO;2124;47,22%;53,47%;4498;3972;20;54
28819;TAQUARANA;35;MÁRCIO JAMBO;1;0,02%;0,03%;4498;3972;20;54
28819;TAQUARANA;45;JHC;1838;40,86%;46,27%;4498;3972;20;54
28819;TAQUARANA;80;LENILDA LUNA;9;0,20%;0,23%;4498;3972;20;54
28932;TEOTÔNIO VILELA;15;RENAN FILHO;314;62,67%;72,02%;501;436;2;89
28932;TEOTÔNIO VILELA;35;MÁRCIO JAMBO;0;0,00%;0,00%;501;436;2;89
28932;TEOTÔNIO VILELA;45;JHC;122;24,35%;27,98%;501;436;2;89
28932;TEOTÔNIO VILELA;80;LENILDA LUNA;0;0,00%;0,00%;501;436;2;89
28835;TRAIPU;15;RENAN FILHO;8135;62,82%;71,83%;12949;11326;66;72
28835;TRAIPU;35;MÁRCIO JAMBO;1;0,01%;0,01%;12949;11326;66;72
28835;TRAIPU;45;JHC;3177;24,53%;28,05%;12949;11326;66;72
28835;TRAIPU;80;LENILDA LUNA;13;0,10%;0,11%;12949;11326;66;72
28851;UNIÃO DOS PALMARES;15;RENAN FILHO;931;53,91%;61,49%;1727;1514;8;140
28851;UNIÃO DOS PALMARES;35;MÁRCIO JAMBO;0;0,00%;0,00%;1727;1514;8;140
28851;UNIÃO DOS PALMARES;45;JHC;576;33,35%;38,04%;1727;1514;8;140
28851;UNIÃO DOS PALMARES;80;LENILDA LUNA;7;0,41%;0,46%;1727;1514;8;140
28878;VIÇOSA;15;RENAN FILHO;627;47,86%;54,01%;1310;1161;5;60
28878;VIÇOSA;35;MÁRCIO JAMBO;0;0,00%;0,00%;1310;1161;5;60
28878;VIÇOSA;45;JHC;532;40,61%;45,82%;1310;1161;5;60
28878;VIÇOSA;80;LENILDA LUNA;2;0,15%;0,17%;1310;1161;5;60
27014;ÁGUA BRANCA;15;RENAN FILHO;0;;;0;0;0;46
27014;ÁGUA BRANCA;35;MÁRCIO JAMBO;0;;;0;0;0;46
27014;ÁGUA BRANCA;45;JHC;0;;;0;0;0;46
27014;ÁGUA BRANCA;80;LENILDA LUNA;0;;;0;0;0;46
